record_id	specificity	positive_predictivity	fpr
16265	0.9928086771333763	0.9998304171737525	0.00016958282624743133
16272	0.8813538385522821	0.9859738824017136	0.014026117598286465
16273	0.9965148673096773	0.9999777245642368	2.2275435763212118e-05
16420	0.9941914951774766	0.9999705431836927	2.9456816307293507e-05
16483	0.9977142529241304	0.9999904143860894	9.585613910642907e-06
